C/A,UNIT,SCP,DATEn,TIMEn,DESCn,ENTRIESn,EXITSn
A002,R051,02-00-00,05-21-11,00:00:00,REGULAR,003169391,001097585
A002,R051,02-00-00,05-21-11,04:00:00,REGULAR,003169415,001097588
A002,R051,02-00-00,05-21-11,08:00:00,REGULAR,003169431,001097607
A002,R051,02-00-00,05-21-11,12:00:00,REGULAR,003169506,001097686
A002,R051,02-00-00,05-21-11,16:00:00,REGULAR,003169693,001097734
A002,R051,02-00-00,05-21-11,20:00:00,REGULAR,003169998,001097769
A002,R051,02-00-00,05-22-11,00:00:00,REGULAR,003170119,001097792
A002,R051,02-00-00,05-22-11,04:00:00,REGULAR,003170146,001097801              
A002,R051,02-00-00,05-22-11,08:00:00,REGULAR,003170164,001097820
A002,R051,02-00-00,05-22-11,12:00:00,REGULAR,003170240,001097867
A002,R051,02-00-00,05-22-11,16:00:00,REGULAR,003170388,001097912
A002,R051,02-00-00,05-22-11,20:00:00,REGULAR,003170611,001097941
A002,R051,02-00-00,05-23-11,00:00:00,REGULAR,003170695,001097964
A002,R051,02-00-00,05-23-11,04:00:00,REGULAR,003170701,001097964
A002,R051,02-00-00,05-23-11,08:00:00,REGULAR,003170746,001098069
A002,R051,02-00-00,05-23-11,12:00:00,REGULAR,003170897,001098378              
A002,R051,02-00-00,05-23-11,16:00:00,REGULAR,003171194,001098447
A002,R051,02-00-00,05-23-11,20:00:00,REGULAR,003172059,001098511
A002,R051,02-00-00,05-24-11,00:00:00,REGULAR,003172200,001098528
A002,R051,02-00-00,05-24-11,04:00:00,REGULAR,003172214,001098529
A002,R051,02-00-00,05-24-11,08:00:00,REGULAR,003172266,001098628
A002,R051,02-00-00,05-24-11,12:00:00,REGULAR,003172407,001098952
A002,R051,02-00-00,05-24-11,16:00:00,REGULAR,003172689,001099010
A002,R051,02-00-00,05-24-11,20:00:00,REGULAR,003173590,001099055              
A002,R051,02-00-00,05-25-11,00:00:00,REGULAR,003173803,001099079
A002,R051,02-00-00,05-25-11,04:00:00,REGULAR,003173826,001099081
A002,R051,02-00-00,05-25-11,08:00:00,REGULAR,003173873,001099178
A002,R051,02-00-00,05-25-11,12:00:00,REGULAR,003174022,001099496
A002,R051,02-00-00,05-25-11,16:00:00,REGULAR,003174309,001099572
A002,R051,02-00-00,05-25-11,20:00:00,REGULAR,003175172,001099651
A002,R051,02-00-00,05-26-11,00:00:00,REGULAR,003175360,001099675
A002,R051,02-00-00,05-26-11,04:00:00,REGULAR,003175373,001099675              
A002,R051,02-00-00,05-26-11,08:00:00,REGULAR,003175408,001099762
A002,R051,02-00-00,05-26-11,12:00:00,REGULAR,003175561,001100046
A002,R051,02-00-00,05-26-11,16:00:00,REGULAR,003175876,001100107
A002,R051,02-00-00,05-26-11,20:00:00,REGULAR,003176802,001100159
A002,R051,02-00-00,05-27-11,00:00:00,REGULAR,003176993,001100183
A002,R051,02-00-00,05-27-11,04:00:00,REGULAR,003177012,001100187
A002,R051,02-00-00,05-27-11,08:00:00,REGULAR,003177051,001100282
A002,R051,02-00-00,05-27-11,12:00:00,REGULAR,003177199,001100598              
A002,R051,02-00-00,05-27-11,16:00:00,REGULAR,003177629,001100666
A002,R051,02-00-00,05-27-11,20:00:00,REGULAR,003178345,001100716                                                                                                                                                                                                                                                                                                  
A002,R051,02-00-01,05-21-11,00:00:00,REGULAR,003116877,000664463
A002,R051,02-00-01,05-21-11,04:00:00,REGULAR,003116913,000664469
A002,R051,02-00-01,05-21-11,08:00:00,REGULAR,003116928,000664480
A002,R051,02-00-01,05-21-11,12:00:00,REGULAR,003116995,000664530
A002,R051,02-00-01,05-21-11,16:00:00,REGULAR,003117178,000664567
A002,R051,02-00-01,05-21-11,20:00:00,REGULAR,003117448,000664604
A002,R051,02-00-01,05-22-11,00:00:00,REGULAR,003117567,000664621
A002,R051,02-00-01,05-22-11,04:00:00,REGULAR,003117595,000664630              
A002,R051,02-00-01,05-22-11,08:00:00,REGULAR,003117609,000664636
A002,R051,02-00-01,05-22-11,12:00:00,REGULAR,003117677,000664673
A002,R051,02-00-01,05-22-11,16:00:00,REGULAR,003117818,000664710
A002,R051,02-00-01,05-22-11,20:00:00,REGULAR,003118019,000664732
A002,R051,02-00-01,05-23-11,00:00:00,REGULAR,003118086,000664742
A002,R051,02-00-01,05-23-11,04:00:00,REGULAR,003118093,000664744
A002,R051,02-00-01,05-23-11,08:00:00,REGULAR,003118130,000664783
A002,R051,02-00-01,05-23-11,12:00:00,REGULAR,003118283,000664925              
A002,R051,02-00-01,05-23-11,16:00:00,REGULAR,003118499,000664971
A002,R051,02-00-01,05-23-11,20:00:00,REGULAR,003119163,000665021
A002,R051,02-00-01,05-24-11,00:00:00,REGULAR,003119315,000665039
A002,R051,02-00-01,05-24-11,04:00:00,REGULAR,003119332,000665040
A002,R051,02-00-01,05-24-11,08:00:00,REGULAR,003119373,000665095
A002,R051,02-00-01,05-24-11,12:00:00,REGULAR,003119524,000665240
A002,R051,02-00-01,05-24-11,16:00:00,REGULAR,003119780,000665285
A002,R051,02-00-01,05-24-11,20:00:00,REGULAR,003120571,000665334              
A002,R051,02-00-01,05-25-11,00:00:00,REGULAR,003120755,000665351
A002,R051,02-00-01,05-25-11,04:00:00,REGULAR,003120766,000665353
A002,R051,02-00-01,05-25-11,08:00:00,REGULAR,003120812,000665396
A002,R051,02-00-01,05-25-11,12:00:00,REGULAR,003120984,000665566
A002,R051,02-00-01,05-25-11,16:00:00,REGULAR,003121217,000665605
A002,R051,02-00-01,05-25-11,20:00:00,REGULAR,003121832,000665661
A002,R051,02-00-01,05-26-11,00:00:00,REGULAR,003122019,000665673
A002,R051,02-00-01,05-26-11,04:00:00,REGULAR,003122026,000665674              
A002,R051,02-00-01,05-26-11,08:00:00,REGULAR,003122068,000665719
A002,R051,02-00-01,05-26-11,12:00:00,REGULAR,003122209,000665876
A002,R051,02-00-01,05-26-11,16:00:00,REGULAR,003122448,000665932
A002,R051,02-00-01,05-26-11,20:00:00,REGULAR,003123189,000665981
A002,R051,02-00-01,05-27-11,00:00:00,REGULAR,003123373,000665998
A002,R051,02-00-01,05-27-11,04:00:00,REGULAR,003123392,000666002
A002,R051,02-00-01,05-27-11,08:00:00,REGULAR,003123426,000666039
A002,R051,02-00-01,05-27-11,12:00:00,REGULAR,003123578,000666183              
A002,R051,02-00-01,05-27-11,16:00:00,REGULAR,003123947,000666236
A002,R051,02-00-01,05-27-11,20:00:00,REGULAR,003124594,000666289                                                                                                                                                                                                                                                                                                  
A002,R051,02-03-00,05-21-11,00:00:00,REGULAR,001296821,004622013
A002,R051,02-03-00,05-21-11,04:00:00,REGULAR,001296833,004622040
A002,R051,02-03-00,05-21-11,08:00:00,REGULAR,001296837,004622101
A002,R051,02-03-00,05-21-11,12:00:00,REGULAR,001296863,004622406
A002,R051,02-03-00,05-21-11,16:00:00,REGULAR,001296926,004622746
A002,R051,02-03-00,05-21-11,20:00:00,REGULAR,001297041,004623145
A002,R051,02-03-00,05-22-11,00:00:00,REGULAR,001297127,004623299
A002,R051,02-03-00,05-22-11,04:00:00,REGULAR,001297142,004623329              
A002,R051,02-03-00,05-22-11,08:00:00,REGULAR,001297145,004623370
A002,R051,02-03-00,05-22-11,12:00:00,REGULAR,001297173,004623572
A002,R051,02-03-00,05-22-11,16:00:00,REGULAR,001297245,004623834
A002,R051,02-03-00,05-22-11,20:00:00,REGULAR,001297324,004624131
A002,R051,02-03-00,05-23-11,00:00:00,REGULAR,001297364,004624238
A002,R051,02-03-00,05-23-11,04:00:00,REGULAR,001297371,004624242
A002,R051,02-03-00,05-23-11,08:00:00,REGULAR,001297387,004624466
A002,R051,02-03-00,05-23-11,12:00:00,REGULAR,001297447,004625278              
A002,R051,02-03-00,05-23-11,16:00:00,REGULAR,001297560,004625627
A002,R051,02-03-00,05-23-11,20:00:00,REGULAR,001297813,004626186
A002,R051,02-03-00,05-24-11,00:00:00,REGULAR,001297887,004626327
A002,R051,02-03-00,05-24-11,04:00:00,REGULAR,001297891,004626333
A002,R051,02-03-00,05-24-11,08:00:00,REGULAR,001297908,004626605
A002,R051,02-03-00,05-24-11,12:00:00,REGULAR,001297969,004627418
A002,R051,02-03-00,05-24-11,16:00:00,REGULAR,001298080,004627823
A002,R051,02-03-00,05-24-11,20:00:00,REGULAR,001298370,004628336              
A002,R051,02-03-00,05-25-11,00:00:00,REGULAR,001298448,004628482
A002,R051,02-03-00,05-25-11,04:00:00,REGULAR,001298453,004628493
A002,R051,02-03-00,05-25-11,08:00:00,REGULAR,001298464,004628753
A002,R051,02-03-00,05-25-11,12:00:00,REGULAR,001298516,004629543
A002,R051,02-03-00,05-25-11,16:00:00,REGULAR,001298627,004629936
A002,R051,02-03-00,05-25-11,20:00:00,REGULAR,001298879,004630553
A002,R051,02-03-00,05-26-11,00:00:00,REGULAR,001298974,004630717
A002,R051,02-03-00,05-26-11,04:00:00,REGULAR,001298980,004630724              
A002,R051,02-03-00,05-26-11,08:00:00,REGULAR,001298997,004630986
A002,R051,02-03-00,05-26-11,12:00:00,REGULAR,001299049,004631815
A002,R051,02-03-00,05-26-11,16:00:00,REGULAR,001299169,004632234
A002,R051,02-03-00,05-26-11,20:00:00,REGULAR,001299449,004632821
A002,R051,02-03-00,05-27-11,00:00:00,REGULAR,001299549,004632979
A002,R051,02-03-00,05-27-11,04:00:00,REGULAR,001299561,004632996
A002,R051,02-03-00,05-27-11,08:00:00,REGULAR,001299575,004633228
A002,R051,02-03-00,05-27-11,12:00:00,REGULAR,001299624,004633955              
A002,R051,02-03-00,05-27-11,16:00:00,REGULAR,001299786,004634423
A002,R051,02-03-00,05-27-11,20:00:00,REGULAR,001300006,004634898                                                                                                                                                                                                                                                                                                  
A002,R051,02-03-01,05-21-11,00:00:00,REGULAR,002870403,004424936
A002,R051,02-03-01,05-21-11,04:00:00,REGULAR,002870438,004424975
A002,R051,02-03-01,05-21-11,08:00:00,REGULAR,002870465,004425062
A002,R051,02-03-01,05-21-11,12:00:00,REGULAR,002870582,004425359
A002,R051,02-03-01,05-21-11,16:00:00,REGULAR,002870827,004425762
A002,R051,02-03-01,05-21-11,20:00:00,REGULAR,002871088,004426224
A002,R051,02-03-01,05-22-11,00:00:00,REGULAR,002871314,004426453
A002,R051,02-03-01,05-22-11,04:00:00,REGULAR,002871384,004426499              
A002,R051,02-03-01,05-22-11,08:00:00,REGULAR,002871407,004426542
A002,R051,02-03-01,05-22-11,12:00:00,REGULAR,002871498,004426772
A002,R051,02-03-01,05-22-11,16:00:00,REGULAR,002871715,004427105
A002,R051,02-03-01,05-22-11,20:00:00,REGULAR,002871934,004427458
A002,R051,02-03-01,05-23-11,00:00:00,REGULAR,002872105,004427593
A002,R051,02-03-01,05-23-11,04:00:00,REGULAR,002872114,004427610
A002,R051,02-03-01,05-23-11,08:00:00,REGULAR,002872165,004427849
A002,R051,02-03-01,05-23-11,12:00:00,REGULAR,002872345,004428625              
A002,R051,02-03-01,05-23-11,16:00:00,REGULAR,002872616,004429017
A002,R051,02-03-01,05-23-11,20:00:00,REGULAR,002873168,004429544
A002,R051,02-03-01,05-24-11,00:00:00,REGULAR,002873392,004429722
A002,R051,02-03-01,05-24-11,04:00:00,REGULAR,002873400,004429735
A002,R051,02-03-01,05-24-11,08:00:00,REGULAR,002873457,004430004
A002,R051,02-03-01,05-24-11,12:00:00,REGULAR,002873615,004430774
A002,R051,02-03-01,05-24-11,16:00:00,REGULAR,002873907,004431196
A002,R051,02-03-01,05-24-11,20:00:00,REGULAR,002874537,004431698              
A002,R051,02-03-01,05-25-11,00:00:00,REGULAR,002874768,004431889
A002,R051,02-03-01,05-25-11,04:00:00,REGULAR,002874791,004431905
A002,R051,02-03-01,05-25-11,08:00:00,REGULAR,002874842,004432161
A002,R051,02-03-01,05-25-11,12:00:00,REGULAR,002874985,004432931
A002,R051,02-03-01,05-25-11,16:00:00,REGULAR,002875284,004433326
A002,R051,02-03-01,05-25-11,20:00:00,REGULAR,002875895,004433894
A002,R051,02-03-01,05-26-11,00:00:00,REGULAR,002876150,004434094
A002,R051,02-03-01,05-26-11,04:00:00,REGULAR,002876182,004434115              
A002,R051,02-03-01,05-26-11,08:00:00,REGULAR,002876234,004434401
A002,R051,02-03-01,05-26-11,12:00:00,REGULAR,002876386,004435208
A002,R051,02-03-01,05-26-11,16:00:00,REGULAR,002876699,004435637
A002,R051,02-03-01,05-26-11,20:00:00,REGULAR,002877308,004436213
A002,R051,02-03-01,05-27-11,00:00:00,REGULAR,002877590,004436395
A002,R051,02-03-01,05-27-11,04:00:00,REGULAR,002877616,004436416
A002,R051,02-03-01,05-27-11,08:00:00,REGULAR,002877655,004436690
A002,R051,02-03-01,05-27-11,12:00:00,REGULAR,002877818,004437366              
A002,R051,02-03-01,05-27-11,16:00:00,REGULAR,002878155,004437897
A002,R051,02-03-01,05-27-11,20:00:00,REGULAR,002878647,004438371                                                                                                                                                                                                                                                                                                  
A002,R051,02-03-02,05-21-11,00:00:00,REGULAR,002641127,003618273
A002,R051,02-03-02,05-21-11,04:00:00,REGULAR,002641181,003618312
A002,R051,02-03-02,05-21-11,08:00:00,REGULAR,002641196,003618394
A002,R051,02-03-02,05-21-11,12:00:00,REGULAR,002641307,003618665
A002,R051,02-03-02,05-21-11,16:00:00,REGULAR,002641546,003618964
A002,R051,02-03-02,05-21-11,20:00:00,REGULAR,002641857,003619319
A002,R051,02-03-02,05-22-11,00:00:00,REGULAR,002642038,003619500
A002,R051,02-03-02,05-22-11,04:00:00,REGULAR,002642078,003619549              
A002,R051,02-03-02,05-22-11,08:00:00,REGULAR,002642088,003619611
A002,R051,02-03-02,05-22-11,12:00:00,REGULAR,002642166,003619803
A002,R051,02-03-02,05-22-11,16:00:00,REGULAR,002642361,003620061
A002,R051,02-03-02,05-22-11,20:00:00,REGULAR,002642600,003620326
A002,R051,02-03-02,05-23-11,00:00:00,REGULAR,002642781,003620439
A002,R051,02-03-02,05-23-11,04:00:00,REGULAR,002642796,003620463
A002,R051,02-03-02,05-23-11,08:00:00,REGULAR,002642830,003620715
A002,R051,02-03-02,05-23-11,12:00:00,REGULAR,002643019,003621392              
A002,R051,02-03-02,05-23-11,16:00:00,REGULAR,002643291,003621687
A002,R051,02-03-02,05-23-11,20:00:00,REGULAR,002643834,003622146
A002,R051,02-03-02,05-24-11,00:00:00,REGULAR,002644057,003622290
A002,R051,02-03-02,05-24-11,04:00:00,REGULAR,002644067,003622309
A002,R051,02-03-02,05-24-11,08:00:00,REGULAR,002644111,003622603
A002,R051,02-03-02,05-24-11,12:00:00,REGULAR,002644297,003623289
A002,R051,02-03-02,05-24-11,16:00:00,REGULAR,002644586,003623606
A002,R051,02-03-02,05-24-11,20:00:00,REGULAR,002645197,003624023              
A002,R051,02-03-02,05-25-11,00:00:00,REGULAR,002645459,003624191
A002,R051,02-03-02,05-25-11,04:00:00,REGULAR,002645483,003624203
A002,R051,02-03-02,05-25-11,08:00:00,REGULAR,002645530,003624484
A002,R051,02-03-02,05-25-11,12:00:00,REGULAR,002645706,003625203
A002,R051,02-03-02,05-25-11,16:00:00,REGULAR,002646000,003625464
A002,R051,02-03-02,05-25-11,20:00:00,REGULAR,002646596,003625880
A002,R051,02-03-02,05-26-11,00:00:00,REGULAR,002646852,003626031
A002,R051,02-03-02,05-26-11,04:00:00,REGULAR,002646875,003626041              
A002,R051,02-03-02,05-26-11,08:00:00,REGULAR,002646913,003626312
A002,R051,02-03-02,05-26-11,12:00:00,REGULAR,002647112,003627011
A002,R051,02-03-02,05-26-11,16:00:00,REGULAR,002647414,003627307
A002,R051,02-03-02,05-26-11,20:00:00,REGULAR,002648038,003627685
A002,R051,02-03-02,05-27-11,00:00:00,REGULAR,002648300,003627847
A002,R051,02-03-02,05-27-11,04:00:00,REGULAR,002648332,003627867
A002,R051,02-03-02,05-27-11,08:00:00,REGULAR,002648371,003628116
A002,R051,02-03-02,05-27-11,12:00:00,REGULAR,002648545,003628764              
A002,R051,02-03-02,05-27-11,16:00:00,REGULAR,002648930,003629106
A002,R051,02-03-02,05-27-11,20:00:00,REGULAR,002649440,003629451                                                                                                                                                                                                                                                                                                  
A002,R051,02-03-03,05-21-11,00:00:00,REGULAR,002343637,003067395
A002,R051,02-03-03,05-21-11,04:00:00,REGULAR,002343662,003067410
A002,R051,02-03-03,05-21-11,08:00:00,REGULAR,002343673,003067488
A002,R051,02-03-03,05-21-11,12:00:00,REGULAR,002343741,003067726
A002,R051,02-03-03,05-21-11,16:00:00,REGULAR,002343890,003067931
A002,R051,02-03-03,05-21-11,20:00:00,REGULAR,002344127,003068119
A002,R051,02-03-03,05-22-11,00:00:00,REGULAR,002344258,003068213
A002,R051,02-03-03,05-22-11,04:00:00,REGULAR,002344297,003068234              
A002,R051,02-03-03,05-22-11,08:00:00,REGULAR,002344313,003068297
A002,R051,02-03-03,05-22-11,12:00:00,REGULAR,002344355,003068474
A002,R051,02-03-03,05-22-11,16:00:00,REGULAR,002344466,003068645
A002,R051,02-03-03,05-22-11,20:00:00,REGULAR,002344637,003068807
A002,R051,02-03-03,05-23-11,00:00:00,REGULAR,002344732,003068879
A002,R051,02-03-03,05-23-11,04:00:00,REGULAR,002344740,003068887
A002,R051,02-03-03,05-23-11,08:00:00,REGULAR,002344778,003069188
A002,R051,02-03-03,05-23-11,12:00:00,REGULAR,002344938,003069812              
A002,R051,02-03-03,05-23-11,16:00:00,REGULAR,002345151,003070016
A002,R051,02-03-03,05-23-11,20:00:00,REGULAR,002345698,003070356
A002,R051,02-03-03,05-24-11,00:00:00,REGULAR,002345858,003070442
A002,R051,02-03-03,05-24-11,04:00:00,REGULAR,002345865,003070452
A002,R051,02-03-03,05-24-11,08:00:00,REGULAR,002345890,003070804
A002,R051,02-03-03,05-24-11,12:00:00,REGULAR,002346071,003071394
A002,R051,02-03-03,05-24-11,16:00:00,REGULAR,002346274,003071599
A002,R051,02-03-03,05-24-11,20:00:00,REGULAR,002346843,003071907              
A002,R051,02-03-03,05-25-11,00:00:00,REGULAR,002346994,003072053
A002,R051,02-03-03,05-25-11,04:00:00,REGULAR,002347005,003072063
A002,R051,02-03-03,05-25-11,08:00:00,REGULAR,002347039,003072351
A002,R051,02-03-03,05-25-11,12:00:00,REGULAR,002347213,003072979
A002,R051,02-03-03,05-25-11,16:00:00,REGULAR,002347435,003073167
A002,R051,02-03-03,05-25-11,20:00:00,REGULAR,002347999,003073420
A002,R051,02-03-03,05-26-11,00:00:00,REGULAR,002348170,003073532
A002,R051,02-03-03,05-26-11,04:00:00,REGULAR,002348180,003073538              
A002,R051,02-03-03,05-26-11,08:00:00,REGULAR,002348217,003073874
A002,R051,02-03-03,05-26-11,12:00:00,REGULAR,002348395,003074503
A002,R051,02-03-03,05-26-11,16:00:00,REGULAR,002348572,003074743
A002,R051,02-03-03,05-26-11,20:00:00,REGULAR,002349119,003074991
A002,R051,02-03-03,05-27-11,00:00:00,REGULAR,002349282,003075108
A002,R051,02-03-03,05-27-11,04:00:00,REGULAR,002349298,003075121
A002,R051,02-03-03,05-27-11,08:00:00,REGULAR,002349334,003075395
A002,R051,02-03-03,05-27-11,12:00:00,REGULAR,002349468,003075970              
A002,R051,02-03-03,05-27-11,16:00:00,REGULAR,002349757,003076225
A002,R051,02-03-03,05-27-11,20:00:00,REGULAR,002350181,003076426                                                                                                                                                                                                                                                                                                  
A002,R051,02-03-04,05-21-11,00:00:00,REGULAR,003061347,002005521
A002,R051,02-03-04,05-21-11,04:00:00,REGULAR,003061389,002005530
A002,R051,02-03-04,05-21-11,08:00:00,REGULAR,003061408,002005584
A002,R051,02-03-04,05-21-11,12:00:00,REGULAR,003061531,002005699
A002,R051,02-03-04,05-21-11,16:00:00,REGULAR,003061796,002005785
A002,R051,02-03-04,05-21-11,20:00:00,REGULAR,003062096,002005857
A002,R051,02-03-04,05-22-11,00:00:00,REGULAR,003062324,002005896
A002,R051,02-03-04,05-22-11,04:00:00,REGULAR,003062374,002005910              
A002,R051,02-03-04,05-22-11,08:00:00,REGULAR,003062387,002005945
A002,R051,02-03-04,05-22-11,12:00:00,REGULAR,003062484,002006049
A002,R051,02-03-04,05-22-11,16:00:00,REGULAR,003062686,002006126
A002,R051,02-03-04,05-22-11,20:00:00,REGULAR,003062948,002006197
A002,R051,02-03-04,05-23-11,00:00:00,REGULAR,003063089,002006221
A002,R051,02-03-04,05-23-11,04:00:00,REGULAR,003063098,002006227
A002,R051,02-03-04,05-23-11,08:00:00,REGULAR,003063163,002006396
A002,R051,02-03-04,05-23-11,12:00:00,REGULAR,003063443,002006711              
A002,R051,02-03-04,05-23-11,16:00:00,REGULAR,003063709,002006782
A002,R051,02-03-04,05-23-11,20:00:00,REGULAR,003064370,002006903
A002,R051,02-03-04,05-24-11,00:00:00,REGULAR,003064588,002006946
A002,R051,02-03-04,05-24-11,04:00:00,REGULAR,003064604,002006955
A002,R051,02-03-04,05-24-11,08:00:00,REGULAR,003064681,002007159
A002,R051,02-03-04,05-24-11,12:00:00,REGULAR,003064994,002007456
A002,R051,02-03-04,05-24-11,16:00:00,REGULAR,003065274,002007562
A002,R051,02-03-04,05-24-11,20:00:00,REGULAR,003066027,002007689              
A002,R051,02-03-04,05-25-11,00:00:00,REGULAR,003066257,002007752
A002,R051,02-03-04,05-25-11,04:00:00,REGULAR,003066272,002007757
A002,R051,02-03-04,05-25-11,08:00:00,REGULAR,003066317,002007944
A002,R051,02-03-04,05-25-11,12:00:00,REGULAR,003066625,002008219
A002,R051,02-03-04,05-25-11,16:00:00,REGULAR,003066950,002008301
A002,R051,02-03-04,05-25-11,20:00:00,REGULAR,003067617,002008409
A002,R051,02-03-04,05-26-11,00:00:00,REGULAR,003067860,002008448
A002,R051,02-03-04,05-26-11,04:00:00,REGULAR,003067874,002008450              
A002,R051,02-03-04,05-26-11,08:00:00,REGULAR,003067950,002008679
A002,R051,02-03-04,05-26-11,12:00:00,REGULAR,003068246,002008953
A002,R051,02-03-04,05-26-11,16:00:00,REGULAR,003068526,002009041
A002,R051,02-03-04,05-26-11,20:00:00,REGULAR,003069206,002009135
A002,R051,02-03-04,05-27-11,00:00:00,REGULAR,003069478,002009169
A002,R051,02-03-04,05-27-11,04:00:00,REGULAR,003069499,002009174
A002,R051,02-03-04,05-27-11,08:00:00,REGULAR,003069543,002009360
A002,R051,02-03-04,05-27-11,12:00:00,REGULAR,003069775,002009634              
A002,R051,02-03-04,05-27-11,16:00:00,REGULAR,003070149,002009748
A002,R051,02-03-04,05-27-11,20:00:00,REGULAR,003070766,002009834                                                                                                                                                                                                                                                                                                  
A002,R051,02-03-05,05-21-11,00:00:00,REGULAR,005122953,000976390
A002,R051,02-03-05,05-21-11,04:00:00,REGULAR,005123040,000976392
A002,R051,02-03-05,05-21-11,08:00:00,REGULAR,005123098,000976401
A002,R051,02-03-05,05-21-11,12:00:00,REGULAR,005123350,000976430
A002,R051,02-03-05,05-21-11,16:00:00,REGULAR,005123779,000976444
A002,R051,02-03-05,05-21-11,20:00:00,REGULAR,005124266,000976465
A002,R051,02-03-05,05-22-11,00:00:00,REGULAR,005124615,000976475
A002,R051,02-03-05,05-22-11,04:00:00,REGULAR,005124687,000976482              
A002,R051,02-03-05,05-22-11,08:00:00,REGULAR,005124740,000976486
A002,R051,02-03-05,05-22-11,12:00:00,REGULAR,005124939,000976512
A002,R051,02-03-05,05-22-11,16:00:00,REGULAR,005125305,000976530
A002,R051,02-03-05,05-22-11,20:00:00,REGULAR,005125715,000976547
A002,R051,02-03-05,05-23-11,00:00:00,REGULAR,005126000,000976554
A002,R051,02-03-05,05-23-11,04:00:00,REGULAR,005126037,000976554
A002,R051,02-03-05,05-23-11,08:00:00,REGULAR,005126178,000976615
A002,R051,02-03-05,05-23-11,12:00:00,REGULAR,005126731,000976700              
A002,R051,02-03-05,05-23-11,16:00:00,REGULAR,005127158,000976723
A002,R051,02-03-05,05-23-11,20:00:00,REGULAR,005128108,000976744
A002,R051,02-03-05,05-24-11,00:00:00,REGULAR,005128470,000976757
A002,R051,02-03-05,05-24-11,04:00:00,REGULAR,005128505,000976758
A002,R051,02-03-05,05-24-11,08:00:00,REGULAR,005128660,000976826
A002,R051,02-03-05,05-24-11,12:00:00,REGULAR,005129188,000976883
A002,R051,02-03-05,05-24-11,16:00:00,REGULAR,005129662,000976908
A002,R051,02-03-05,05-24-11,20:00:00,REGULAR,005130502,000976933              
A002,R051,02-03-05,05-25-11,00:00:00,REGULAR,005130868,000976952
A002,R051,02-03-05,05-25-11,04:00:00,REGULAR,005130905,000976952
A002,R051,02-03-05,05-25-11,08:00:00,REGULAR,005131051,000977005
A002,R051,02-03-05,05-25-11,12:00:00,REGULAR,005131585,000977050
A002,R051,02-03-05,05-25-11,16:00:00,REGULAR,005132039,000977078
A002,R051,02-03-05,05-25-11,20:00:00,REGULAR,005132999,000977103
A002,R051,02-03-05,05-26-11,00:00:00,REGULAR,005133388,000977115
A002,R051,02-03-05,05-26-11,04:00:00,REGULAR,005133439,000977116              
A002,R051,02-03-05,05-26-11,08:00:00,REGULAR,005133577,000977169
A002,R051,02-03-05,05-26-11,12:00:00,REGULAR,005134115,000977225
A002,R051,02-03-05,05-26-11,16:00:00,REGULAR,005134604,000977242
A002,R051,02-03-05,05-26-11,20:00:00,REGULAR,005135509,000977271
A002,R051,02-03-05,05-27-11,00:00:00,REGULAR,005135933,000977286
A002,R051,02-03-05,05-27-11,04:00:00,REGULAR,005135983,000977286
A002,R051,02-03-05,05-27-11,08:00:00,REGULAR,005136103,000977336
A002,R051,02-03-05,05-27-11,12:00:00,REGULAR,005136616,000977395              
A002,R051,02-03-05,05-27-11,16:00:00,REGULAR,005137188,000977422
A002,R051,02-03-05,05-27-11,20:00:00,REGULAR,005137972,000977432                                                                                                                                                                                                                                                                                                  
A002,R051,02-03-06,05-21-11,00:00:00,REGULAR,003892195,000422604
A002,R051,02-03-06,05-21-11,04:00:00,REGULAR,003892230,000422604
A002,R051,02-03-06,05-21-11,08:00:00,REGULAR,003892263,000422606
A002,R051,02-03-06,05-21-11,12:00:00,REGULAR,003892422,000422611
A002,R051,02-03-06,05-21-11,16:00:00,REGULAR,003892685,000422617
A002,R051,02-03-06,05-21-11,20:00:00,REGULAR,003893012,000422628
A002,R051,02-03-06,05-22-11,00:00:00,REGULAR,003893220,000422633
A002,R051,02-03-06,05-22-11,04:00:00,REGULAR,003893253,000422635              
A002,R051,02-03-06,05-22-11,08:00:00,REGULAR,003893266,000422636
A002,R051,02-03-06,05-22-11,12:00:00,REGULAR,003893362,000422637
A002,R051,02-03-06,05-22-11,16:00:00,REGULAR,003893568,000422645
A002,R051,02-03-06,05-22-11,20:00:00,REGULAR,003893808,000422650
A002,R051,02-03-06,05-23-11,00:00:00,REGULAR,003893948,000422650
A002,R051,02-03-06,05-23-11,04:00:00,REGULAR,003893959,000422650
A002,R051,02-03-06,05-23-11,08:00:00,REGULAR,003894079,000422653
A002,R051,02-03-06,05-23-11,12:00:00,REGULAR,003894551,000422658              
A002,R051,02-03-06,05-23-11,16:00:00,REGULAR,003894873,000422659
A002,R051,02-03-06,05-23-11,20:00:00,REGULAR,003895668,000422666
A002,R051,02-03-06,05-24-11,00:00:00,REGULAR,003895922,000422667
A002,R051,02-03-06,05-24-11,04:00:00,REGULAR,003895933,000422667
A002,R051,02-03-06,05-24-11,08:00:00,REGULAR,003896074,000422672
A002,R051,02-03-06,05-24-11,12:00:00,REGULAR,003896573,000422684
A002,R051,02-03-06,05-24-11,16:00:00,REGULAR,003896933,000422689
A002,R051,02-03-06,05-24-11,20:00:00,REGULAR,003897690,000422702              
A002,R051,02-03-06,05-25-11,00:00:00,REGULAR,003897958,000422707
A002,R051,02-03-06,05-25-11,04:00:00,REGULAR,003897977,000422707
A002,R051,02-03-06,05-25-11,08:00:00,REGULAR,003898117,000422710
A002,R051,02-03-06,05-25-11,12:00:00,REGULAR,003898657,000422725
A002,R051,02-03-06,05-25-11,16:00:00,REGULAR,003898983,000422732
A002,R051,02-03-06,05-25-11,20:00:00,REGULAR,003899796,000422738
A002,R051,02-03-06,05-26-11,00:00:00,REGULAR,003900052,000422740
A002,R051,02-03-06,05-26-11,04:00:00,REGULAR,003900068,000422740              
A002,R051,02-03-06,05-26-11,08:00:00,REGULAR,003900180,000422745
A002,R051,02-03-06,05-26-11,12:00:00,REGULAR,003900694,000422752
A002,R051,02-03-06,05-26-11,16:00:00,REGULAR,003901075,000422757
A002,R051,02-03-06,05-26-11,20:00:00,REGULAR,003901849,000422763
A002,R051,02-03-06,05-27-11,00:00:00,REGULAR,003902135,000422768
A002,R051,02-03-06,05-27-11,04:00:00,REGULAR,003902156,000422768
A002,R051,02-03-06,05-27-11,08:00:00,REGULAR,003902251,000422770
A002,R051,02-03-06,05-27-11,12:00:00,REGULAR,003902656,000422784              
A002,R051,02-03-06,05-27-11,16:00:00,REGULAR,003903097,000422793
A002,R051,02-03-06,05-27-11,20:00:00,REGULAR,003903796,000422800                                                                                                                                                                                                                                                                                                  
A002,R051,02-05-00,05-21-11,00:00:00,REGULAR,000000657,000000000
A002,R051,02-05-00,05-21-11,04:00:00,REGULAR,000000657,000000000
A002,R051,02-05-00,05-21-11,08:00:00,REGULAR,000000657,000000000
A002,R051,02-05-00,05-21-11,12:00:00,REGULAR,000000657,000000000
A002,R051,02-05-00,05-21-11,16:00:00,REGULAR,000000657,000000000
A002,R051,02-05-00,05-21-11,20:00:00,REGULAR,000000657,000000000
A002,R051,02-05-00,05-22-11,00:00:00,REGULAR,000000657,000000000
A002,R051,02-05-00,05-22-11,04:00:00,REGULAR,000000657,000000000              
A002,R051,02-05-00,05-22-11,08:00:00,REGULAR,000000657,000000000
A002,R051,02-05-00,05-22-11,12:00:00,REGULAR,000000657,000000000
A002,R051,02-05-00,05-22-11,16:00:00,REGULAR,000000657,000000000
A002,R051,02-05-00,05-22-11,20:00:00,REGULAR,000000657,000000000
A002,R051,02-05-00,05-23-11,00:00:00,REGULAR,000000657,000000000
A002,R051,02-05-00,05-23-11,04:00:00,REGULAR,000000657,000000000
A002,R051,02-05-00,05-23-11,08:00:00,REGULAR,000000657,000000000
A002,R051,02-05-00,05-23-11,12:00:00,REGULAR,000000657,000000000              
A002,R051,02-05-00,05-23-11,16:00:00,REGULAR,000000657,000000000
A002,R051,02-05-00,05-23-11,20:00:00,REGULAR,000000657,000000000
A002,R051,02-05-00,05-24-11,00:00:00,REGULAR,000000657,000000000
A002,R051,02-05-00,05-24-11,04:00:00,REGULAR,000000657,000000000
A002,R051,02-05-00,05-24-11,08:00:00,REGULAR,000000657,000000000
A002,R051,02-05-00,05-24-11,12:00:00,REGULAR,000000657,000000000
A002,R051,02-05-00,05-24-11,16:00:00,REGULAR,000000657,000000000
A002,R051,02-05-00,05-24-11,20:00:00,REGULAR,000000657,000000000              
A002,R051,02-05-00,05-25-11,00:00:00,REGULAR,000000657,000000000
A002,R051,02-05-00,05-25-11,04:00:00,REGULAR,000000657,000000000
A002,R051,02-05-00,05-25-11,08:00:00,REGULAR,000000657,000000000
A002,R051,02-05-00,05-25-11,12:00:00,REGULAR,000000657,000000000
A002,R051,02-05-00,05-25-11,16:00:00,REGULAR,000000657,000000000
A002,R051,02-05-00,05-25-11,20:00:00,REGULAR,000000657,000000000
A002,R051,02-05-00,05-26-11,00:00:00,REGULAR,000000657,000000000
A002,R051,02-05-00,05-26-11,04:00:00,REGULAR,000000657,000000000              
A002,R051,02-05-00,05-26-11,08:00:00,REGULAR,000000657,000000000
A002,R051,02-05-00,05-26-11,12:00:00,REGULAR,000000657,000000000
A002,R051,02-05-00,05-26-11,16:00:00,REGULAR,000000657,000000000
A002,R051,02-05-00,05-26-11,20:00:00,REGULAR,000000657,000000000
A002,R051,02-05-00,05-27-11,00:00:00,REGULAR,000000657,000000000
A002,R051,02-05-00,05-27-11,04:00:00,REGULAR,000000657,000000000
A002,R051,02-05-00,05-27-11,08:00:00,REGULAR,000000657,000000000
A002,R051,02-05-00,05-27-11,12:00:00,REGULAR,000000657,000000000              
A002,R051,02-05-00,05-27-11,16:00:00,REGULAR,000000657,000000000
A002,R051,02-05-00,05-27-11,20:00:00,REGULAR,000000657,000000000                                                                                                                                                                                                                                                                                                  
A002,R051,02-05-01,05-21-11,00:00:00,REGULAR,000000000,000000320
A002,R051,02-05-01,05-21-11,04:00:00,REGULAR,000000000,000000320
A002,R051,02-05-01,05-21-11,08:00:00,REGULAR,000000000,000000320
A002,R051,02-05-01,05-21-11,12:00:00,REGULAR,000000000,000000320
A002,R051,02-05-01,05-21-11,16:00:00,REGULAR,000000000,000000320
A002,R051,02-05-01,05-21-11,20:00:00,REGULAR,000000000,000000320
A002,R051,02-05-01,05-22-11,00:00:00,REGULAR,000000000,000000320
A002,R051,02-05-01,05-22-11,04:00:00,REGULAR,000000000,000000320              
A002,R051,02-05-01,05-22-11,08:00:00,REGULAR,000000000,000000320
A002,R051,02-05-01,05-22-11,12:00:00,REGULAR,000000000,000000320
A002,R051,02-05-01,05-22-11,16:00:00,REGULAR,000000000,000000320
A002,R051,02-05-01,05-22-11,20:00:00,REGULAR,000000000,000000320
A002,R051,02-05-01,05-23-11,00:00:00,REGULAR,000000000,000000320
A002,R051,02-05-01,05-23-11,04:00:00,REGULAR,000000000,000000320
A002,R051,02-05-01,05-23-11,08:00:00,REGULAR,000000000,000000320
A002,R051,02-05-01,05-23-11,12:00:00,REGULAR,000000000,000000320              
A002,R051,02-05-01,05-23-11,16:00:00,REGULAR,000000000,000000320
A002,R051,02-05-01,05-23-11,20:00:00,REGULAR,000000000,000000320
A002,R051,02-05-01,05-24-11,00:00:00,REGULAR,000000000,000000320
A002,R051,02-05-01,05-24-11,04:00:00,REGULAR,000000000,000000320
A002,R051,02-05-01,05-24-11,08:00:00,REGULAR,000000000,000000320
A002,R051,02-05-01,05-24-11,12:00:00,REGULAR,000000000,000000320
A002,R051,02-05-01,05-24-11,16:00:00,REGULAR,000000000,000000320
A002,R051,02-05-01,05-24-11,20:00:00,REGULAR,000000000,000000320              
A002,R051,02-05-01,05-25-11,00:00:00,REGULAR,000000000,000000320
A002,R051,02-05-01,05-25-11,04:00:00,REGULAR,000000000,000000320
A002,R051,02-05-01,05-25-11,08:00:00,REGULAR,000000000,000000320
A002,R051,02-05-01,05-25-11,12:00:00,REGULAR,000000000,000000320
A002,R051,02-05-01,05-25-11,16:00:00,REGULAR,000000000,000000320
A002,R051,02-05-01,05-25-11,20:00:00,REGULAR,000000000,000000320
A002,R051,02-05-01,05-26-11,00:00:00,REGULAR,000000000,000000320
A002,R051,02-05-01,05-26-11,04:00:00,REGULAR,000000000,000000320              
A002,R051,02-05-01,05-26-11,08:00:00,REGULAR,000000000,000000320
A002,R051,02-05-01,05-26-11,12:00:00,REGULAR,000000000,000000320
A002,R051,02-05-01,05-26-11,16:00:00,REGULAR,000000000,000000320
A002,R051,02-05-01,05-26-11,20:00:00,REGULAR,000000000,000000320
A002,R051,02-05-01,05-27-11,00:00:00,REGULAR,000000000,000000320
A002,R051,02-05-01,05-27-11,04:00:00,REGULAR,000000000,000000320
A002,R051,02-05-01,05-27-11,08:00:00,REGULAR,000000000,000000320
A002,R051,02-05-01,05-27-11,12:00:00,REGULAR,000000000,000000320              
A002,R051,02-05-01,05-27-11,16:00:00,REGULAR,000000000,000000320
A002,R051,02-05-01,05-27-11,20:00:00,REGULAR,000000000,000000320                                                                                                                                                                                                                                                                                                  
A002,R051,02-06-00,05-21-11,00:00:00,REGULAR,003040689,000097528
A002,R051,02-06-00,05-21-11,04:00:00,REGULAR,003040720,000097532
A002,R051,02-06-00,05-21-11,08:00:00,REGULAR,003040753,000097533
A002,R051,02-06-00,05-21-11,12:00:00,REGULAR,003040907,000097535
A002,R051,02-06-00,05-21-11,16:00:00,REGULAR,003041157,000097537
A002,R051,02-06-00,05-21-11,20:00:00,REGULAR,003041480,000097542
A002,R051,02-06-00,05-22-11,00:00:00,REGULAR,003041682,000097551
A002,R051,02-06-00,05-22-11,04:00:00,REGULAR,003041710,000097555              
A002,R051,02-06-00,05-22-11,08:00:00,REGULAR,003041729,000097555
A002,R051,02-06-00,05-22-11,12:00:00,REGULAR,003041851,000097558
A002,R051,02-06-00,05-22-11,16:00:00,REGULAR,003042103,000097564
A002,R051,02-06-00,05-22-11,20:00:00,REGULAR,003042344,000097568
A002,R051,02-06-00,05-23-11,00:00:00,REGULAR,003042451,000097571
A002,R051,02-06-00,05-23-11,04:00:00,REGULAR,003042470,000097573
A002,R051,02-06-00,05-23-11,08:00:00,REGULAR,003042600,000097575
A002,R051,02-06-00,05-23-11,12:00:00,REGULAR,003043088,000097585              
A002,R051,02-06-00,05-23-11,16:00:00,REGULAR,003043449,000097589
A002,R051,02-06-00,05-23-11,20:00:00,REGULAR,003044233,000097599
A002,R051,02-06-00,05-24-11,00:00:00,REGULAR,003044463,000097603
A002,R051,02-06-00,05-24-11,04:00:00,REGULAR,003044480,000097605
A002,R051,02-06-00,05-24-11,08:00:00,REGULAR,003044597,000097608
A002,R051,02-06-00,05-24-11,12:00:00,REGULAR,003045110,000097619
A002,R051,02-06-00,05-24-11,16:00:00,REGULAR,003045483,000097628
A002,R051,02-06-00,05-24-11,20:00:00,REGULAR,003046286,000097638              
A002,R051,02-06-00,05-25-11,00:00:00,REGULAR,003046494,000097645
A002,R051,02-06-00,05-25-11,04:00:00,REGULAR,003046512,000097646
A002,R051,02-06-00,05-25-11,08:00:00,REGULAR,003046638,000097650
A002,R051,02-06-00,05-25-11,12:00:00,REGULAR,003047157,000097658
A002,R051,02-06-00,05-25-11,16:00:00,REGULAR,003047530,000097666
A002,R051,02-06-00,05-25-11,20:00:00,REGULAR,003048251,000097671
A002,R051,02-06-00,05-26-11,00:00:00,REGULAR,003048530,000097675
A002,R051,02-06-00,05-26-11,04:00:00,REGULAR,003048542,000097676              
A002,R051,02-06-00,05-26-11,08:00:00,REGULAR,003048680,000097677
A002,R051,02-06-00,05-26-11,12:00:00,REGULAR,003049182,000097683
A002,R051,02-06-00,05-26-11,16:00:00,REGULAR,003049592,000097688
A002,R051,02-06-00,05-26-11,20:00:00,REGULAR,003050416,000097693
A002,R051,02-06-00,05-27-11,00:00:00,REGULAR,003050647,000097705
A002,R051,02-06-00,05-27-11,04:00:00,REGULAR,003050663,000097706
A002,R051,02-06-00,05-27-11,08:00:00,REGULAR,003050793,000097709
A002,R051,02-06-00,05-27-11,12:00:00,REGULAR,003051201,000097720              
A002,R051,02-06-00,05-27-11,16:00:00,REGULAR,003051650,000097727
A002,R051,02-06-00,05-27-11,20:00:00,REGULAR,003052254,000097742                                                                                                                                                                                                                                                                                                  
A006,R079,00-00-00,05-21-11,02:00:00,REGULAR,008971326,013832075
A006,R079,00-00-00,05-21-11,06:00:00,REGULAR,008971338,013832091
A006,R079,00-00-00,05-21-11,10:00:00,REGULAR,008971378,013832504
A006,R079,00-00-00,05-21-11,14:00:00,REGULAR,008971574,013833171
A006,R079,00-00-00,05-21-11,18:00:00,REGULAR,008972079,013833826
A006,R079,00-00-00,05-21-11,22:00:00,REGULAR,008972536,013834058
A006,R079,00-00-00,05-22-11,02:00:00,REGULAR,008972691,013834157
A006,R079,00-00-00,05-22-11,06:00:00,REGULAR,008972699,013834176              
A006,R079,00-00-00,05-22-11,10:00:00,REGULAR,008972719,013834374
A006,R079,00-00-00,05-22-11,14:00:00,REGULAR,008972873,013834944
A006,R079,00-00-00,05-22-11,18:00:00,REGULAR,008973246,013835473
A006,R079,00-00-00,05-22-11,22:00:00,REGULAR,008973550,013835683
A006,R079,00-00-00,05-23-11,02:00:00,REGULAR,008973640,013835738
A006,R079,00-00-00,05-23-11,06:00:00,REGULAR,008973644,013835768
A006,R079,00-00-00,05-23-11,07:41:13,REGULAR,008973665,013836069
A006,R079,00-00-00,05-23-11,10:00:00,REGULAR,008973707,013837581              
A006,R079,00-00-00,05-23-11,14:00:00,REGULAR,008973926,013838668
A006,R079,00-00-00,05-23-11,14:31:27,REGULAR,008973978,013838778
A006,R079,00-00-00,05-23-11,18:00:00,REGULAR,008974700,013839493
A006,R079,00-00-00,05-23-11,22:00:00,REGULAR,008975399,013839850
A006,R079,00-00-00,05-24-11,02:00:00,REGULAR,008975559,013839923
A006,R079,00-00-00,05-24-11,06:00:00,REGULAR,008975563,013839961
A006,R079,00-00-00,05-24-11,10:00:00,REGULAR,008975606,013841940
A006,R079,00-00-00,05-24-11,14:00:00,REGULAR,008975824,013843081              
A006,R079,00-00-00,05-24-11,18:00:00,REGULAR,008976541,013844056
A006,R079,00-00-00,05-24-11,22:00:00,REGULAR,008977275,013844604
A006,R079,00-00-00,05-25-11,02:00:00,REGULAR,008977464,013844669
A006,R079,00-00-00,05-25-11,06:00:00,REGULAR,008977474,013844700
A006,R079,00-00-00,05-25-11,10:00:00,REGULAR,008977528,013846677
A006,R079,00-00-00,05-25-11,14:00:00,REGULAR,008977762,013847916
A006,R079,00-00-00,05-25-11,18:00:00,REGULAR,008978525,013848938
A006,R079,00-00-00,05-25-11,22:00:00,REGULAR,008979291,013849377              
A006,R079,00-00-00,05-26-11,02:00:00,REGULAR,008979484,013849448
A006,R079,00-00-00,05-26-11,06:00:00,REGULAR,008979492,013849478
A006,R079,00-00-00,05-26-11,10:00:00,REGULAR,008979543,013851420
A006,R079,00-00-00,05-26-11,14:00:00,REGULAR,008979730,013852660
A006,R079,00-00-00,05-26-11,18:00:00,REGULAR,008980555,013853683
A006,R079,00-00-00,05-26-11,22:00:00,REGULAR,008981292,013854115
A006,R079,00-00-00,05-27-11,02:00:00,REGULAR,008981487,013854226
A006,R079,00-00-00,05-27-11,06:00:00,REGULAR,008981498,013854293              
A006,R079,00-00-00,05-27-11,08:59:09,DOOR,008981534,013855379
A006,R079,00-00-00,05-27-11,08:59:24,OPEN,008981534,013855379
A006,R079,00-00-00,05-27-11,09:08:45,DOOR,008981534,013855379
A006,R079,00-00-00,05-27-11,10:00:00,OPEN,008981576,013855838
A006,R079,00-00-00,05-27-11,14:00:00,DOOR,008981907,013856920
A006,R079,00-00-00,05-27-11,18:00:00,OPEN,008982740,013857821
A006,R079,00-00-00,05-27-11,22:00:00,REGULAR,008983321,013858079                                                                              
A006,R079,00-00-01,05-21-11,02:00:00,REGULAR,000386056,000294801
A006,R079,00-00-01,05-21-11,06:00:00,REGULAR,000386061,000294809
A006,R079,00-00-01,05-21-11,10:00:00,REGULAR,000386107,000294918
A006,R079,00-00-01,05-21-11,14:00:00,REGULAR,000386312,000295136
A006,R079,00-00-01,05-21-11,18:00:00,REGULAR,000386818,000295382
A006,R079,00-00-01,05-21-11,22:00:00,REGULAR,000387264,000295493
A006,R079,00-00-01,05-22-11,02:00:00,REGULAR,000387375,000295510
A006,R079,00-00-01,05-22-11,06:00:00,REGULAR,000387390,000295518              
A006,R079,00-00-01,05-22-11,10:00:00,REGULAR,000387418,000295573
A006,R079,00-00-01,05-22-11,14:00:00,REGULAR,000387583,000295766
A006,R079,00-00-01,05-22-11,18:00:00,REGULAR,000387981,000295961
A006,R079,00-00-01,05-22-11,22:00:00,REGULAR,000388259,000296039
A006,R079,00-00-01,05-23-11,02:00:00,REGULAR,000388324,000296044
A006,R079,00-00-01,05-23-11,06:00:00,REGULAR,000388329,000296048
A006,R079,00-00-01,05-23-11,07:41:13,REGULAR,000388347,000296145
A006,R079,00-00-01,05-23-11,10:00:00,REGULAR,000388404,000296770              
A006,R079,00-00-01,05-23-11,14:00:00,REGULAR,000388718,000297113
A006,R079,00-00-01,05-23-11,14:31:27,REGULAR,000388768,000297143
A006,R079,00-00-01,05-23-11,18:00:00,REGULAR,000389494,000297397
A006,R079,00-00-01,05-23-11,22:00:00,REGULAR,000390173,000297510
A006,R079,00-00-01,05-24-11,02:00:00,REGULAR,000390289,000297524
A006,R079,00-00-01,05-24-11,06:00:00,REGULAR,000390296,000297529
A006,R079,00-00-01,05-24-11,10:00:00,REGULAR,000390367,000298304
A006,R079,00-00-01,05-24-11,14:00:00,REGULAR,000390629,000298697              
A006,R079,00-00-01,05-24-11,18:00:00,REGULAR,000391445,000299003
A006,R079,00-00-01,05-24-11,22:00:00,REGULAR,000392210,000299196
A006,R079,00-00-01,05-25-11,02:00:00,REGULAR,000392368,000299223
A006,R079,00-00-01,05-25-11,06:00:00,REGULAR,000392370,000299234
A006,R079,00-00-01,05-25-11,10:00:00,REGULAR,000392442,000300028
A006,R079,00-00-01,05-25-11,14:00:00,REGULAR,000392759,000300398
A006,R079,00-00-01,05-25-11,18:00:00,REGULAR,000393665,000300761
A006,R079,00-00-01,05-25-11,22:00:00,REGULAR,000394434,000300898              
A006,R079,00-00-01,05-26-11,02:00:00,REGULAR,000394593,000300919
A006,R079,00-00-01,05-26-11,06:00:00,REGULAR,000394601,000300925
A006,R079,00-00-01,05-26-11,10:00:00,REGULAR,000394677,000301635
A006,R079,00-00-01,05-26-11,14:00:00,REGULAR,000394993,000302007
A006,R079,00-00-01,05-26-11,18:00:00,REGULAR,000395874,000302352
A006,R079,00-00-01,05-26-11,22:00:00,REGULAR,000396610,000302493
A006,R079,00-00-01,05-27-11,02:00:00,REGULAR,000396725,000302527
A006,R079,00-00-01,05-27-11,06:00:00,REGULAR,000396736,000302549              
A006,R079,00-00-01,05-27-11,09:13:04,DOOR,000396782,000303087
A006,R079,00-00-01,05-27-11,09:20:47,OPEN,000396782,000303087
A006,R079,00-00-01,05-27-11,09:20:55,DOOR,000396782,000303087
A006,R079,00-00-01,05-27-11,10:00:00,OPEN,000396816,000303189
A006,R079,00-00-01,05-27-11,14:00:00,DOOR,000397186,000303558
A006,R079,00-00-01,05-27-11,18:00:00,OPEN,000398031,000303928
A006,R079,00-00-01,05-27-11,22:00:00,REGULAR,000398581,000304021                                                                              
A006,R079,00-00-02,05-21-11,02:00:00,REGULAR,004903293,002202378
A006,R079,00-00-02,05-21-11,06:00:00,REGULAR,004903303,002202379
A006,R079,00-00-02,05-21-11,10:00:00,REGULAR,004903323,002202452
A006,R079,00-00-02,05-21-11,14:00:00,REGULAR,004903484,002202564
A006,R079,00-00-02,05-21-11,18:00:00,REGULAR,004903868,002202699
A006,R079,00-00-02,05-21-11,22:00:00,REGULAR,004904220,002202736
A006,R079,00-00-02,05-22-11,02:00:00,REGULAR,004904295,002202751
A006,R079,00-00-02,05-22-11,06:00:00,REGULAR,004904301,002202752              
A006,R079,00-00-02,05-22-11,10:00:00,REGULAR,004904312,002202781
A006,R079,00-00-02,05-22-11,14:00:00,REGULAR,004904453,002202879
A006,R079,00-00-02,05-22-11,18:00:00,REGULAR,004904748,002202982
A006,R079,00-00-02,05-22-11,22:00:00,REGULAR,004904964,002203015
A006,R079,00-00-02,05-23-11,02:00:00,REGULAR,004905018,002203019
A006,R079,00-00-02,05-23-11,06:00:00,REGULAR,004905020,002203022
A006,R079,00-00-02,05-23-11,07:41:13,REGULAR,004905026,002203086
A006,R079,00-00-02,05-23-11,10:00:00,REGULAR,004905090,002203431              
A006,R079,00-00-02,05-23-11,14:00:00,REGULAR,004905346,002203600
A006,R079,00-00-02,05-23-11,14:31:27,REGULAR,004905382,002203612
A006,R079,00-00-02,05-23-11,18:00:00,REGULAR,004905989,002203724
A006,R079,00-00-02,05-23-11,22:00:00,REGULAR,004906485,002203766
A006,R079,00-00-02,05-24-11,02:00:00,REGULAR,004906567,002203773
A006,R079,00-00-02,05-24-11,06:00:00,REGULAR,004906568,002203784
A006,R079,00-00-02,05-24-11,10:00:00,REGULAR,004906637,002204222
A006,R079,00-00-02,05-24-11,14:00:00,REGULAR,004906876,002204402              
A006,R079,00-00-02,05-24-11,18:00:00,REGULAR,004907613,002204521
A006,R079,00-00-02,05-24-11,22:00:00,REGULAR,004908174,002204617
A006,R079,00-00-02,05-25-11,02:00:00,REGULAR,004908280,002204631
A006,R079,00-00-02,05-25-11,06:00:00,REGULAR,004908287,002204635
A006,R079,00-00-02,05-25-11,10:00:00,REGULAR,004908347,002205095
A006,R079,00-00-02,05-25-11,14:00:00,REGULAR,004908621,002205268
A006,R079,00-00-02,05-25-11,18:00:00,REGULAR,004909380,002205429
A006,R079,00-00-02,05-25-11,22:00:00,REGULAR,004909928,002205486              
A006,R079,00-00-02,05-26-11,02:00:00,REGULAR,004910019,002205500
A006,R079,00-00-02,05-26-11,06:00:00,REGULAR,004910028,002205504
A006,R079,00-00-02,05-26-11,10:00:00,REGULAR,004910081,002205904
A006,R079,00-00-02,05-26-11,14:00:00,REGULAR,004910307,002206081
A006,R079,00-00-02,05-26-11,18:00:00,REGULAR,004911029,002206249
A006,R079,00-00-02,05-26-11,22:00:00,REGULAR,004911603,002206317
A006,R079,00-00-02,05-27-11,02:00:00,REGULAR,004911689,002206330
A006,R079,00-00-02,05-27-11,06:00:00,REGULAR,004911699,002206343              
A006,R079,00-00-02,05-27-11,09:26:21,DOOR,004911752,002206709
A006,R079,00-00-02,05-27-11,09:26:43,OPEN,004911752,002206709
A006,R079,00-00-02,05-27-11,09:26:52,DOOR,004911752,002206709
A006,R079,00-00-02,05-27-11,09:29:47,OPEN,004911752,002206709
A006,R079,00-00-02,05-27-11,09:31:11,DOOR,004911752,002206709
A006,R079,00-00-02,05-27-11,10:00:00,OPEN,004911773,002206751
A006,R079,00-00-02,05-27-11,14:00:00,DOOR,004912118,002206929
A006,R079,00-00-02,05-27-11,18:00:00,OPEN,004912822,002207098                                      
A006,R079,00-00-02,05-27-11,22:00:00,REGULAR,004913240,002207146                                                                                                                                                                                                                                                                                                                                                
A006,R079,00-00-03,05-21-11,02:00:00,REGULAR,000028583,000012793
A006,R079,00-00-03,05-21-11,06:00:00,REGULAR,000028585,000012795
A006,R079,00-00-03,05-21-11,10:00:00,REGULAR,000028592,000012843
A006,R079,00-00-03,05-21-11,14:00:00,REGULAR,000028727,000012923
A006,R079,00-00-03,05-21-11,18:00:00,REGULAR,000029072,000013032
A006,R079,00-00-03,05-21-11,22:00:00,REGULAR,000029408,000013070
A006,R079,00-00-03,05-22-11,02:00:00,REGULAR,000029466,000013075
A006,R079,00-00-03,05-22-11,06:00:00,REGULAR,000029472,000013075              
A006,R079,00-00-03,05-22-11,10:00:00,REGULAR,000029481,000013100
A006,R079,00-00-03,05-22-11,14:00:00,REGULAR,000029578,000013174
A006,R079,00-00-03,05-22-11,18:00:00,REGULAR,000029815,000013261
A006,R079,00-00-03,05-22-11,22:00:00,REGULAR,000029971,000013284
A006,R079,00-00-03,05-23-11,02:00:00,REGULAR,000030002,000013290
A006,R079,00-00-03,05-23-11,06:00:00,REGULAR,000030005,000013296
A006,R079,00-00-03,05-23-11,07:41:13,REGULAR,000030013,000013349
A006,R079,00-00-03,05-23-11,10:00:00,REGULAR,000030049,000013611              
A006,R079,00-00-03,05-23-11,14:00:00,REGULAR,000030217,000013727
A006,R079,00-00-03,05-23-11,14:31:27,REGULAR,000030238,000013731
A006,R079,00-00-03,05-23-11,18:00:00,REGULAR,000030763,000013807
A006,R079,00-00-03,05-23-11,22:00:00,REGULAR,000031141,000013847
A006,R079,00-00-03,05-24-11,02:00:00,REGULAR,000031207,000013849
A006,R079,00-00-03,05-24-11,06:00:00,REGULAR,000031207,000013849
A006,R079,00-00-03,05-24-11,10:00:00,REGULAR,000031246,000014194
A006,R079,00-00-03,05-24-11,14:00:00,REGULAR,000031431,000014325              
A006,R079,00-00-03,05-24-11,18:00:00,REGULAR,000032006,000014398
A006,R079,00-00-03,05-24-11,22:00:00,REGULAR,000032437,000014466
A006,R079,00-00-03,05-25-11,02:00:00,REGULAR,000032519,000014471
A006,R079,00-00-03,05-25-11,06:00:00,REGULAR,000032522,000014472
A006,R079,00-00-03,05-25-11,10:00:00,REGULAR,000032565,000014812
A006,R079,00-00-03,05-25-11,14:00:00,REGULAR,000032757,000014920
A006,R079,00-00-03,05-25-11,18:00:00,REGULAR,000033372,000015036
A006,R079,00-00-03,05-25-11,22:00:00,REGULAR,000033823,000015090              
A006,R079,00-00-03,05-26-11,02:00:00,REGULAR,000033904,000015098
A006,R079,00-00-03,05-26-11,06:00:00,REGULAR,000033909,000015102
A006,R079,00-00-03,05-26-11,10:00:00,REGULAR,000033953,000015435
A006,R079,00-00-03,05-26-11,14:00:00,REGULAR,000034111,000015557
A006,R079,00-00-03,05-26-11,18:00:00,REGULAR,000034731,000015667
A006,R079,00-00-03,05-26-11,22:00:00,REGULAR,000035134,000015712
A006,R079,00-00-03,05-27-11,02:00:00,REGULAR,000035190,000015716
A006,R079,00-00-03,05-27-11,06:00:00,REGULAR,000035194,000015725              
A006,R079,00-00-03,05-27-11,09:37:06,DOOR,000035247,000015997
A006,R079,00-00-03,05-27-11,09:37:41,OPEN,000035247,000015997
A006,R079,00-00-03,05-27-11,09:42:39,DOOR,000035247,000015997
A006,R079,00-00-03,05-27-11,10:00:00,OPEN,000035256,000016005
A006,R079,00-00-03,05-27-11,14:00:00,DOOR,000035503,000016109
A006,R079,00-00-03,05-27-11,18:00:00,OPEN,000036075,000016228
A006,R079,00-00-03,05-27-11,22:00:00,REGULAR,000036392,000016253                                                                              
A006,R079,00-00-04,05-21-11,02:00:00,REGULAR,004775800,002224427
A006,R079,00-00-04,05-21-11,06:00:00,REGULAR,004775806,002224430
A006,R079,00-00-04,05-21-11,10:00:00,REGULAR,004775832,002224494
A006,R079,00-00-04,05-21-11,14:00:00,REGULAR,004775978,002224581
A006,R079,00-00-04,05-21-11,18:00:00,REGULAR,004776325,002224689
A006,R079,00-00-04,05-21-11,22:00:00,REGULAR,004776624,002224725
A006,R079,00-00-04,05-22-11,02:00:00,REGULAR,004776663,002224729
A006,R079,00-00-04,05-22-11,06:00:00,REGULAR,004776669,002224732              
A006,R079,00-00-04,05-22-11,10:00:00,REGULAR,004776688,002224753
A006,R079,00-00-04,05-22-11,14:00:00,REGULAR,004776764,002224810
A006,R079,00-00-04,05-22-11,18:00:00,REGULAR,004777001,002224883
A006,R079,00-00-04,05-22-11,22:00:00,REGULAR,004777163,002224903
A006,R079,00-00-04,05-23-11,02:00:00,REGULAR,004777188,002224909
A006,R079,00-00-04,05-23-11,06:00:00,REGULAR,004777194,002224917
A006,R079,00-00-04,05-23-11,07:41:13,REGULAR,004777201,002224965
A006,R079,00-00-04,05-23-11,10:00:00,REGULAR,004777247,002225198              
A006,R079,00-00-04,05-23-11,14:00:00,REGULAR,004777416,002225289
A006,R079,00-00-04,05-23-11,14:31:27,REGULAR,004777450,002225293
A006,R079,00-00-04,05-23-11,18:00:00,REGULAR,004777954,002225366
A006,R079,00-00-04,05-23-11,22:00:00,REGULAR,004778288,002225389
A006,R079,00-00-04,05-24-11,02:00:00,REGULAR,004778344,002225397
A006,R079,00-00-04,05-24-11,06:00:00,REGULAR,004778347,002225403
A006,R079,00-00-04,05-24-11,10:00:00,REGULAR,004778411,002225732
A006,R079,00-00-04,05-24-11,14:00:00,REGULAR,004778547,002225831              
A006,R079,00-00-04,05-24-11,18:00:00,REGULAR,004779147,002225928
A006,R079,00-00-04,05-24-11,22:00:00,REGULAR,004779569,002225976
A006,R079,00-00-04,05-25-11,02:00:00,REGULAR,004779655,002225984
A006,R079,00-00-04,05-25-11,06:00:00,REGULAR,004779662,002225992
A006,R079,00-00-04,05-25-11,10:00:00,REGULAR,004779711,002226308
A006,R079,00-00-04,05-25-11,14:00:00,REGULAR,004779866,002226409
A006,R079,00-00-04,05-25-11,18:00:00,REGULAR,004780457,002226550
A006,R079,00-00-04,05-25-11,22:00:00,REGULAR,004780908,002226586              
A006,R079,00-00-04,05-26-11,02:00:00,REGULAR,004780980,002226590
A006,R079,00-00-04,05-26-11,06:00:00,REGULAR,004780981,002226596
A006,R079,00-00-04,05-26-11,10:00:00,REGULAR,004781026,002226906
A006,R079,00-00-04,05-26-11,14:00:00,REGULAR,004781210,002227017
A006,R079,00-00-04,05-26-11,18:00:00,REGULAR,004781870,002227159
A006,R079,00-00-04,05-26-11,22:00:00,REGULAR,004782274,002227189
A006,R079,00-00-04,05-27-11,02:00:00,REGULAR,004782333,002227195
A006,R079,00-00-04,05-27-11,06:00:00,REGULAR,004782345,002227203              
A006,R079,00-00-04,05-27-11,09:50:43,DOOR,004782404,002227465
A006,R079,00-00-04,05-27-11,09:51:14,OPEN,004782404,002227465
A006,R079,00-00-04,05-27-11,10:00:00,DOOR,004782404,002227465
A006,R079,00-00-04,05-27-11,10:00:41,OPEN,004782404,002227465
A006,R079,00-00-04,05-27-11,14:00:00,REGULAR,004782606,002227581
A006,R079,00-00-04,05-27-11,18:00:00,DOOR,004783179,002227705
A006,R079,00-00-04,05-27-11,22:00:00,OPEN,004783471,002227739                                                                              
A006,R079,00-03-00,05-21-11,02:00:00,REGULAR,005471458,002647906
A006,R079,00-03-00,05-21-11,06:00:00,REGULAR,005471458,002647906
A006,R079,00-03-00,05-21-11,10:00:00,REGULAR,005471480,002647962
A006,R079,00-03-00,05-21-11,14:00:00,REGULAR,005471671,002648082
A006,R079,00-03-00,05-21-11,18:00:00,REGULAR,005472119,002648200
A006,R079,00-03-00,05-21-11,22:00:00,REGULAR,005472413,002648234
A006,R079,00-03-00,05-22-11,02:00:00,REGULAR,005472447,002648239
A006,R079,00-03-00,05-22-11,06:00:00,REGULAR,005472449,002648240              
A006,R079,00-03-00,05-22-11,10:00:00,REGULAR,005472464,002648261
A006,R079,00-03-00,05-22-11,14:00:00,REGULAR,005472558,002648341
A006,R079,00-03-00,05-22-11,18:00:00,REGULAR,005472850,002648419
A006,R079,00-03-00,05-22-11,22:00:00,REGULAR,005473015,002648439
A006,R079,00-03-00,05-23-11,02:00:00,REGULAR,005473037,002648443
A006,R079,00-03-00,05-23-11,06:00:00,REGULAR,005473042,002648451
A006,R079,00-03-00,05-23-11,07:41:13,REGULAR,005473052,002648490
A006,R079,00-03-00,05-23-11,10:00:00,REGULAR,005473086,002648751              
A006,R079,00-03-00,05-23-11,14:00:00,REGULAR,005473258,002648857
A006,R079,00-03-00,05-23-11,14:31:27,REGULAR,005473301,002648869
A006,R079,00-03-00,05-23-11,18:00:00,REGULAR,005473971,002648955
A006,R079,00-03-00,05-23-11,22:00:00,REGULAR,005474377,002648989
A006,R079,00-03-00,05-24-11,02:00:00,REGULAR,005474411,002648991
A006,R079,00-03-00,05-24-11,06:00:00,REGULAR,005474411,002648996
A006,R079,00-03-00,05-24-11,10:00:00,REGULAR,005474479,002649260
A006,R079,00-03-00,05-24-11,14:00:00,REGULAR,005474701,002649381              
A006,R079,00-03-00,05-24-11,18:00:00,REGULAR,005475480,002649524
A006,R079,00-03-00,05-24-11,22:00:00,REGULAR,005476029,002649571
A006,R079,00-03-00,05-25-11,02:00:00,REGULAR,005476126,002649575
A006,R079,00-03-00,05-25-11,06:00:00,REGULAR,005476128,002649579
A006,R079,00-03-00,05-25-11,10:00:00,REGULAR,005476209,002649886
A006,R079,00-03-00,05-25-11,14:00:00,REGULAR,005476441,002650024
A006,R079,00-03-00,05-25-11,18:00:00,REGULAR,005477286,002650172
A006,R079,00-03-00,05-25-11,22:00:00,REGULAR,005477863,002650212              
A006,R079,00-03-00,05-26-11,02:00:00,REGULAR,005477918,002650214
A006,R079,00-03-00,05-26-11,06:00:00,REGULAR,005477918,002650223
A006,R079,00-03-00,05-26-11,10:00:00,REGULAR,005478015,002650483
A006,R079,00-03-00,05-26-11,14:00:00,REGULAR,005478235,002650621
A006,R079,00-03-00,05-26-11,18:00:00,REGULAR,005479084,002650807
A006,R079,00-03-00,05-26-11,22:00:00,REGULAR,005479604,002650855
A006,R079,00-03-00,05-27-11,02:00:00,REGULAR,005479650,002650858
A006,R079,00-03-00,05-27-11,06:00:00,REGULAR,005479652,002650867              
A006,R079,00-03-00,05-27-11,10:00:00,REGULAR,005479767,002651166
                                                                                                                                                                                                                                                
